{
    "faces":[41,29,47,32,34,0,1,2,3,0,0,0,0,41,30,5,1,28,4,5,6,7,1,1,1,1,41,44,43,41,31,8,9,10,11,2,2,2,2,41,39,9,7,45,12,13,14,15,3,3,3,3,41,20,22,37,38,16,17,18,19,4,4,4,4,41,35,2,11,21,20,21,22,23,5,5,5,5,41,18,19,23,33,24,25,26,27,6,7,7,6,40,27,13,12,33,28,29,8,8,8,40,12,24,25,29,30,31,8,8,8,40,25,16,27,31,32,33,8,8,8,40,12,25,27,29,31,33,8,8,8,41,14,18,33,46,34,35,36,37,9,6,6,9,41,15,14,46,40,38,39,40,41,10,9,9,10,41,26,15,40,42,42,43,44,45,11,10,10,11,41,17,26,42,36,46,47,48,49,12,11,11,12,41,19,17,36,23,50,51,52,53,7,12,12,7,40,0,3,10,59,54,55,13,13,13,40,10,8,6,55,56,57,13,13,13,40,6,4,0,57,58,59,13,13,13,40,10,6,0,55,57,59,13,13,13],
    "uvs":[[0.0262479,6.80937e-15,0.0262479,0.787904,-0.053101,0.787904,-0.053101,6.80937e-15,0.0670636,6.80937e-15,0.0670636,0.787904,-0.0122853,0.787904,-0.0122853,6.80937e-15,0.0804902,6.80937e-15,0.0804902,0.787904,0.00114122,0.787904,0.00114122,6.80937e-15,0.053101,6.80937e-15,0.053101,0.787904,-0.0262479,0.787904,-0.0262479,6.80937e-15,0.0122853,6.80937e-15,0.0122853,0.787904,-0.0670636,0.787904,-0.0670636,6.80937e-15,-0.00114122,6.80937e-15,-0.00114122,0.787904,-0.0804902,0.787904,-0.0804902,6.80937e-15,-0.00907979,0.533687,-0.0725516,0.533687,-0.0804902,0.514241,-0.00114122,0.514241,-0.0262491,0.0823103,-0.0428867,0.0210578,0.00184065,-0.023977,0.0632056,-0.00775939,0.0798433,0.053493,0.0351159,0.0985279,0.0183093,0.555831,-0.0451625,0.555831,-0.053101,0.536385,0.0262479,0.536385,0.0591251,0.550131,-0.00434677,0.550131,-0.0122853,0.530685,0.0670636,0.530685,0.0725516,0.522286,0.00907979,0.522286,0.00114122,0.502841,0.0804902,0.502841,0.0451625,0.500142,-0.0183093,0.500142,-0.0262479,0.480696,0.053101,0.480696,0.00434677,0.505842,-0.0591251,0.505842,-0.0670636,0.486397,0.0122853,0.486397,2.79537,0.816053,1.79699,4.49162,-1.88533,5.46479,-4.56928,2.76239,-3.57091,-0.913181,0.111416,-1.88635]],
    "vertices":[-0.0849246,-0.672728,0.290337,-0.0849246,2.26592,0.290337,-0.293474,2.26592,0.0803543,-0.293474,-0.672728,0.0803539,0.2012,-0.672728,0.214719,0.2012,2.26592,0.21472,0.278776,-0.672728,-0.0708808,0.278776,2.26592,-0.0708805,0.070227,-0.672728,-0.280863,0.070227,2.26592,-0.280863,-0.215897,-0.672728,-0.205246,-0.215897,2.26592,-0.205245,-0.236222,2.31721,0.0652235,-0.174168,2.31721,-0.16323,-0.0694022,2.31721,0.233191,0.159471,2.31721,0.172704,0.221525,2.31721,-0.0557503,0.0547045,2.31721,-0.223717,-0.236222,2.31721,0.0652235,-0.174168,2.31721,-0.16323,-0.215897,-0.672728,-0.205246,-0.215897,-0.672728,-0.205246,-0.215897,2.26592,-0.205245,-0.215897,2.26592,-0.205245,-0.0694022,2.31721,0.233191,0.159471,2.31721,0.172704,0.221525,2.31721,-0.0557503,0.0547045,2.31721,-0.223717,-0.0849246,-0.672728,0.290337,-0.0849246,-0.672728,0.290337,0.2012,-0.672728,0.214719,0.2012,-0.672728,0.214719,-0.293474,2.26592,0.0803543,-0.293474,2.26592,0.0803543,-0.293474,-0.672728,0.0803539,-0.293474,-0.672728,0.0803539,0.070227,2.26592,-0.280863,0.070227,2.26592,-0.280863,0.070227,-0.672728,-0.280863,0.070227,-0.672728,-0.280863,0.2012,2.26592,0.21472,0.2012,2.26592,0.21472,0.278776,2.26592,-0.0708805,0.278776,2.26592,-0.0708805,0.278776,-0.672728,-0.0708808,0.278776,-0.672728,-0.0708808,-0.0849246,2.26592,0.290337,-0.0849246,2.26592,0.290337],
    "metadata":{
        "faces":20,
        "vertices":48,
        "version":3,
        "uvs":1,
        "generator":"io_three",
        "type":"Geometry",
        "normals":14
    },
    "normals":[-0.709494,0,0.704672,0.255501,0,0.966796,0.965026,0,0.262123,0.709494,0,-0.704672,-0.255501,0,-0.966796,-0.965026,0,-0.262123,-0.632923,0.755913,0.167241,-0.461318,0.755913,-0.464492,0,1,0,-0.171575,0.755913,0.631764,0.461318,0.755913,0.464492,0.632923,0.755913,-0.167241,0.171575,0.755913,-0.631733,0,-1,0]
}